Date,Max Temp,Min Temp,Ave Temp,Departure,HDD,CDD,Precipitation
12/1/21,58,50,54,13.8,11,0,0
12/2/21,51,39,45,5,20,0,0.04
12/3/21,46,32,39,-0.9,26,0,0
12/4/21,43,37,40,0.3,25,0,0.64
12/5/21,43,33,38,-1.6,27,0,0.01
12/6/21,46,36,41,1.6,24,0,0.13
12/7/21,50,44,47,7.7,18,0,0.13
12/8/21,48,35,41.5,2.3,23,0,0.11
12/9/21,43,34,38.5,-0.6,26,0,0.15
12/10/21,44,35,39.5,0.5,25,0,0.45
12/11/21,49,36,42.5,3.6,22,0,1.75
12/12/21,40,32,36,-2.8,29,0,0.34
12/13/21,40,34,37,-1.7,28,0,0.15
12/14/21,40,31,35.5,-3.1,29,0,0.14
12/15/21,43,38,40.5,1.9,24,0,0.24
12/16/21,47,34,40.5,2,24,0,T
12/17/21,45,32,38.5,0,26,0,0.25
12/18/21,48,38,43,4.6,22,0,0.68
12/19/21,45,38,41.5,3.1,23,0,0
12/20/21,41,36,38.5,0.1,26,0,0.76
12/21/21,45,37,41,2.6,24,0,0.18
12/22/21,49,45,47,8.6,18,0,0.9
12/23/21,48,38,43,4.6,22,0,0.33
12/24/21,42,36,39,0.6,26,0,0.75
12/25/21,39,31,35,-3.4,30,0,0.3
12/26/21,34,25,29.5,-9,35,0,0.33
12/27/21,26,19,22.5,-16,42,0,0.09
12/28/21,31,26,28.5,-10,36,0,0.03
12/29/21,33,18,25.5,-13.1,39,0,0.04
12/30/21,37,31,34,-4.6,31,0,0.19
12/31/21,37,7,22,-16.7,43,0,T
2020-12-01 ,47 ,27 ,37.0 ,-3.2 ,28 ,0 ,0.00 
2020-12-02 ,53 ,24 ,38.5 ,-1.5 ,26 ,0 ,0.00 
2020-12-03 ,46 ,25 ,35.5 ,-4.4 ,29 ,0 ,T 
2020-12-04 ,53 ,26 ,39.5 ,-0.2 ,25 ,0 ,0.00 
2020-12-05 ,56 ,25 ,40.5 ,0.9 ,24 ,0 ,T 
2020-12-06 ,53 ,36 ,44.5 ,5.1 ,20 ,0 ,0.04 
2020-12-07 ,54 ,42 ,48.0 ,8.7 ,17 ,0 ,0.00 
2020-12-08 ,54 ,46 ,50.0 ,10.8 ,15 ,0 ,0.36 
2020-12-09 ,52 ,33 ,42.5 ,3.4 ,22 ,0 ,0.01 
2020-12-10 ,43 ,34 ,38.5 ,-0.5 ,26 ,0 ,0.09 
2020-12-11 ,44 ,30 ,37.0 ,-1.9 ,28 ,0 ,0.02 
2020-12-12 ,45 ,28 ,36.5 ,-2.3 ,28 ,0 ,0.02 
2020-12-13 ,46 ,34 ,40.0 ,1.3 ,25 ,0 ,0.28 
2020-12-14 ,48 ,40 ,44.0 ,5.4 ,21 ,0 ,0.10 
2020-12-15 ,48 ,42 ,45.0 ,6.4 ,20 ,0 ,0.29 
2020-12-16 ,49 ,44 ,46.5 ,8.0 ,18 ,0 ,0.39 
2020-12-17 ,51 ,43 ,47.0 ,8.5 ,18 ,0 ,0.12 
2020-12-18 ,49 ,43 ,46.0 ,7.6 ,19 ,0 ,0.43 
2020-12-19 ,52 ,39 ,45.5 ,7.1 ,19 ,0 ,1.27 
2020-12-20 ,54 ,45 ,49.5 ,11.1 ,15 ,0 ,0.16 
2020-12-21 ,55 ,41 ,48.0 ,9.6 ,17 ,0 ,1.49 
2020-12-22 ,44 ,27 ,35.5 ,-2.9 ,29 ,0 ,0.00 
2020-12-23 ,42 ,24 ,33.0 ,-5.4 ,32 ,0 ,0.00 
2020-12-24 ,44 ,21 ,32.5 ,-5.9 ,32 ,0 ,0.00 
2020-12-25 ,46 ,29 ,37.5 ,-0.9 ,27 ,0 ,0.52 
2020-12-26 ,49 ,42 ,45.5 ,7.0 ,19 ,0 ,0.25 
2020-12-27 ,47 ,32 ,39.5 ,1.0 ,25 ,0 ,0.18 
2020-12-28 ,44 ,33 ,38.5 ,0.0 ,26 ,0 ,0.00 
2020-12-29 ,40 ,33 ,36.5 ,-2.1 ,28 ,0 ,0.31 
2020-12-30 ,47 ,38 ,42.5 ,3.9 ,22 ,0 ,0.83 
2020-12-31 ,50 ,46 ,48.0 ,9.3 ,17 ,0 ,0.16 
 2019-12-01 ,43 ,32 ,37.5 ,-2.7 ,27 ,0 ,0.02 
2019-12-02 ,44 ,28 ,36.0 ,-4.0 ,29 ,0 ,0.00 
2019-12-03 ,50 ,39 ,44.5 ,4.6 ,20 ,0 ,T 
2019-12-04 ,50 ,44 ,47.0 ,7.3 ,18 ,0 ,0.03 
2019-12-05 ,50 ,45 ,47.5 ,7.9 ,17 ,0 ,T 
2019-12-06 ,50 ,42 ,46.0 ,6.6 ,19 ,0 ,0.02 
2019-12-07 ,50 ,44 ,47.0 ,7.7 ,18 ,0 ,0.43 
2019-12-08 ,50 ,43 ,46.5 ,7.3 ,18 ,0 ,0.01 
2019-12-09 ,46 ,41 ,43.5 ,4.4 ,21 ,0 ,0.00 
2019-12-10 ,44 ,40 ,42.0 ,3.0 ,23 ,0 ,0.26 
2019-12-11 ,49 ,41 ,45.0 ,6.1 ,20 ,0 ,0.45 
2019-12-12 ,48 ,43 ,45.5 ,6.7 ,19 ,0 ,0.37 
2019-12-13 ,49 ,34 ,41.5 ,2.8 ,23 ,0 ,0.03 
2019-12-14 ,45 ,36 ,40.5 ,1.9 ,24 ,0 ,0.05 
2019-12-15 ,44 ,33 ,38.5 ,-0.1 ,26 ,0 ,0.01 
2019-12-16 ,46 ,30 ,38.0 ,-0.5 ,27 ,0 ,0.02 
2019-12-17 ,43 ,28 ,35.5 ,-3.0 ,29 ,0 ,0.00 
2019-12-18 ,45 ,33 ,39.0 ,0.6 ,26 ,0 ,0.30 
2019-12-19 ,53 ,37 ,45.0 ,6.6 ,20 ,0 ,2.17 
2019-12-20 ,53 ,50 ,51.5 ,13.1 ,13 ,0 ,2.87 
2019-12-21 ,51 ,40 ,45.5 ,7.1 ,19 ,0 ,0.49 
2019-12-22 ,43 ,37 ,40.0 ,1.6 ,25 ,0 ,0.14 
2019-12-23 ,47 ,30 ,38.5 ,0.1 ,26 ,0 ,T 
2019-12-24 ,40 ,30 ,35.0 ,-3.4 ,30 ,0 ,0.05 
2019-12-25 ,43 ,30 ,36.5 ,-1.9 ,28 ,0 ,0.04 
2019-12-26 ,40 ,31 ,35.5 ,-3.0 ,29 ,0 ,0.05 
2019-12-27 ,44 ,35 ,39.5 ,1.0 ,25 ,0 ,0.01 
2019-12-28 ,44 ,33 ,38.5 ,0.0 ,26 ,0 ,0.02 
2019-12-29 ,47 ,36 ,41.5 ,2.9 ,23 ,0 ,0.04 
2019-12-30 ,47 ,42 ,44.5 ,5.9 ,20 ,0 ,0.00 
2019-12-31 ,52 ,44 ,48.0 ,9.3 ,17 ,0 ,1.56 
 2018-12-01 ,47 ,32 ,39.5 ,-0.7 ,25 ,0 ,T 
2018-12-02 ,45 ,34 ,39.5 ,-0.5 ,25 ,0 ,0.00 
2018-12-03 ,46 ,26 ,36.0 ,-3.9 ,29 ,0 ,0.00 
2018-12-04 ,46 ,21 ,33.5 ,-6.2 ,31 ,0 ,0.00 
2018-12-05 ,46 ,19 ,32.5 ,-7.1 ,32 ,0 ,0.00 
2018-12-06 ,44 ,17 ,30.5 ,-8.9 ,34 ,0 ,0.00 
2018-12-07 ,37 ,17 ,27.0 ,-12.3 ,38 ,0 ,T 
2018-12-08 ,43 ,30 ,36.5 ,-2.7 ,28 ,0 ,0.02 
2018-12-09 ,44 ,31 ,37.5 ,-1.6 ,27 ,0 ,0.66 
2018-12-10 ,46 ,39 ,42.5 ,3.5 ,22 ,0 ,0.19 
2018-12-11 ,49 ,44 ,46.5 ,7.6 ,18 ,0 ,1.44 
2018-12-12 ,47 ,40 ,43.5 ,4.7 ,21 ,0 ,0.45 
2018-12-13 ,51 ,42 ,46.5 ,7.8 ,18 ,0 ,0.28 
2018-12-14 ,54 ,35 ,44.5 ,5.9 ,20 ,0 ,0.06 
2018-12-15 ,48 ,34 ,41.0 ,2.4 ,24 ,0 ,0.04 
2018-12-16 ,50 ,42 ,46.0 ,7.5 ,19 ,0 ,0.37 
2018-12-17 ,51 ,45 ,48.0 ,9.5 ,17 ,0 ,0.58 
2018-12-18 ,52 ,41 ,46.5 ,8.1 ,18 ,0 ,1.08 
2018-12-19 ,49 ,41 ,45.0 ,6.6 ,20 ,0 ,0.19 
2018-12-20 ,56 ,38 ,47.0 ,8.6 ,18 ,0 ,0.14 
2018-12-21 ,43 ,31 ,37.0 ,-1.4 ,28 ,0 ,0.00 
2018-12-22 ,43 ,33 ,38.0 ,-0.4 ,27 ,0 ,0.53 
2018-12-23 ,49 ,39 ,44.0 ,5.6 ,21 ,0 ,0.79 
2018-12-24 ,47 ,32 ,39.5 ,1.1 ,25 ,0 ,0.00 
2018-12-25 ,44 ,35 ,39.5 ,1.1 ,25 ,0 ,0.02 
2018-12-26 ,43 ,37 ,40.0 ,1.5 ,25 ,0 ,0.32 
2018-12-27 ,45 ,38 ,41.5 ,3.0 ,23 ,0 ,0.00 
2018-12-28 ,45 ,38 ,41.5 ,3.0 ,23 ,0 ,0.34 
2018-12-29 ,50 ,44 ,47.0 ,8.4 ,18 ,0 ,0.82 
2018-12-30 ,50 ,32 ,41.0 ,2.4 ,24 ,0 ,0.02 
2018-12-31 ,44 ,24 ,34.0 ,-4.7 ,31 ,0 ,0.00 
 2017-12-01 ,47 ,37 ,42.0 ,1.8 ,23 ,0 ,0.28 
2017-12-02 ,45 ,34 ,39.5 ,-0.5 ,25 ,0 ,0.54 
2017-12-03 ,46 ,31 ,38.5 ,-1.4 ,26 ,0 ,0.02 
2017-12-04 ,43 ,31 ,37.0 ,-2.7 ,28 ,0 ,0.00 
2017-12-05 ,45 ,28 ,36.5 ,-3.1 ,28 ,0 ,0.00 
2017-12-06 ,51 ,27 ,39.0 ,-0.4 ,26 ,0 ,0.00 
2017-12-07 ,38 ,26 ,32.0 ,-7.3 ,33 ,0 ,0.00 
2017-12-08 ,42 ,23 ,32.5 ,-6.7 ,32 ,0 ,0.00 
2017-12-09 ,46 ,24 ,35.0 ,-4.1 ,30 ,0 ,0.00 
2017-12-10 ,47 ,24 ,35.5 ,-3.5 ,29 ,0 ,0.00 
2017-12-11 ,50 ,20 ,35.0 ,-3.9 ,30 ,0 ,0.00 
2017-12-12 ,46 ,28 ,37.0 ,-1.8 ,28 ,0 ,0.00 
2017-12-13 ,50 ,26 ,38.0 ,-0.7 ,27 ,0 ,0.00 
2017-12-14 ,40 ,27 ,33.5 ,-5.1 ,31 ,0 ,0.00 
2017-12-15 ,43 ,33 ,38.0 ,-0.6 ,27 ,0 ,0.01 
2017-12-16 ,45 ,31 ,38.0 ,-0.5 ,27 ,0 ,0.07 
2017-12-17 ,47 ,42 ,44.5 ,6.0 ,20 ,0 ,0.24 
2017-12-18 ,48 ,42 ,45.0 ,6.6 ,20 ,0 ,0.72 
2017-12-19 ,50 ,37 ,43.5 ,5.1 ,21 ,0 ,1.82 
2017-12-20 ,45 ,24 ,34.5 ,-3.9 ,30 ,0 ,0.01 
2017-12-21 ,40 ,22 ,31.0 ,-7.4 ,34 ,0 ,T 
2017-12-22 ,37 ,34 ,35.5 ,-2.9 ,29 ,0 ,0.23 
2017-12-23 ,40 ,23 ,31.5 ,-6.9 ,33 ,0 ,0.00 
2017-12-24 ,34 ,24 ,29.0 ,-9.4 ,36 ,0 ,0.19 
2017-12-25 ,35 ,30 ,32.5 ,-5.9 ,32 ,0 ,0.08 
2017-12-26 ,33 ,27 ,30.0 ,-8.5 ,35 ,0 ,0.00 
2017-12-27 ,39 ,29 ,34.0 ,-4.5 ,31 ,0 ,0.00 
2017-12-28 ,47 ,38 ,42.5 ,4.0 ,22 ,0 ,1.15 
2017-12-29 ,54 ,44 ,49.0 ,10.4 ,16 ,0 ,1.49 
2017-12-30 ,49 ,34 ,41.5 ,2.9 ,23 ,0 ,0.05 
2017-12-31 ,43 ,31 ,37.0 ,-1.7 ,28 ,0 ,0.00 
 2016-12-01 ,45 ,37 ,41.0 ,0.8 ,24 ,0 ,T 
2016-12-02 ,45 ,40 ,42.5 ,2.5 ,22 ,0 ,0.33 
2016-12-03 ,47 ,39 ,43.0 ,3.1 ,22 ,0 ,0.42 
2016-12-04 ,48 ,33 ,40.5 ,0.8 ,24 ,0 ,0.14 
2016-12-05 ,38 ,32 ,35.0 ,-4.6 ,30 ,0 ,0.15 
2016-12-06 ,41 ,23 ,32.0 ,-7.4 ,33 ,0 ,0.05 
2016-12-07 ,39 ,19 ,29.0 ,-10.3 ,36 ,0 ,0.00 
2016-12-08 ,39 ,28 ,33.5 ,-5.7 ,31 ,0 ,0.35 
2016-12-09 ,37 ,31 ,34.0 ,-5.1 ,31 ,0 ,0.62 
2016-12-10 ,40 ,34 ,37.0 ,-2.0 ,28 ,0 ,0.44 
2016-12-11 ,41 ,35 ,38.0 ,-0.9 ,27 ,0 ,0.68 
2016-12-12 ,45 ,35 ,40.0 ,1.2 ,25 ,0 ,0.14 
2016-12-13 ,40 ,32 ,36.0 ,-2.7 ,29 ,0 ,0.01 
2016-12-14 ,36 ,30 ,33.0 ,-5.6 ,32 ,0 ,0.03 
2016-12-15 ,37 ,29 ,33.0 ,-5.6 ,32 ,0 ,0.01 
2016-12-16 ,36 ,17 ,26.5 ,-12.0 ,38 ,0 ,0.00 
2016-12-17 ,34 ,15 ,24.5 ,-14.0 ,40 ,0 ,0.00 
2016-12-18 ,39 ,25 ,32.0 ,-6.4 ,33 ,0 ,0.00 
2016-12-19 ,45 ,34 ,39.5 ,1.1 ,25 ,0 ,1.07 
2016-12-20 ,50 ,36 ,43.0 ,4.6 ,22 ,0 ,0.25 
2016-12-21 ,42 ,26 ,34.0 ,-4.4 ,31 ,0 ,0.00 
2016-12-22 ,42 ,32 ,37.0 ,-1.4 ,28 ,0 ,0.13 
2016-12-23 ,37 ,29 ,33.0 ,-5.4 ,32 ,0 ,0.82 
2016-12-24 ,36 ,27 ,31.5 ,-6.9 ,33 ,0 ,0.00 
2016-12-25 ,36 ,28 ,32.0 ,-6.4 ,33 ,0 ,0.00 
2016-12-26 ,40 ,26 ,33.0 ,-5.5 ,32 ,0 ,0.28 
2016-12-27 ,44 ,35 ,39.5 ,1.0 ,25 ,0 ,0.22 
2016-12-28 ,46 ,33 ,39.5 ,1.0 ,25 ,0 ,0.01 
2016-12-29 ,46 ,34 ,40.0 ,1.4 ,25 ,0 ,0.09 
2016-12-30 ,44 ,26 ,35.0 ,-3.6 ,30 ,0 ,T 
2016-12-31 ,37 ,24 ,30.5 ,-8.2 ,34 ,0 ,0.15 
 2015-12-01 ,48 ,29 ,38.5 ,-1.7 ,26 ,0 ,0.79 
2015-12-02 ,47 ,40 ,43.5 ,3.5 ,21 ,0 ,0.11 
2015-12-03 ,56 ,44 ,50.0 ,10.1 ,15 ,0 ,0.43 
2015-12-04 ,50 ,36 ,43.0 ,3.3 ,22 ,0 ,0.36 
2015-12-05 ,50 ,35 ,42.5 ,2.9 ,22 ,0 ,0.21 
2015-12-06 ,54 ,47 ,50.5 ,11.1 ,14 ,0 ,0.30 
2015-12-07 ,53 ,47 ,50.0 ,10.7 ,15 ,0 ,1.00 
2015-12-08 ,59 ,51 ,55.0 ,15.8 ,10 ,0 ,2.50 
2015-12-09 ,54 ,39 ,46.5 ,7.4 ,18 ,0 ,0.64 
2015-12-10 ,48 ,42 ,45.0 ,6.0 ,20 ,0 ,0.73 
2015-12-11 ,47 ,39 ,43.0 ,4.1 ,22 ,0 ,0.13 
2015-12-12 ,48 ,37 ,42.5 ,3.7 ,22 ,0 ,0.89 
2015-12-13 ,47 ,42 ,44.5 ,5.8 ,20 ,0 ,0.35 
2015-12-14 ,45 ,26 ,35.5 ,-3.1 ,29 ,0 ,0.00 
2015-12-15 ,40 ,27 ,33.5 ,-5.1 ,31 ,0 ,0.05 
2015-12-16 ,44 ,32 ,38.0 ,-0.5 ,27 ,0 ,T 
2015-12-17 ,48 ,37 ,42.5 ,4.0 ,22 ,0 ,1.47 
2015-12-18 ,50 ,35 ,42.5 ,4.1 ,22 ,0 ,0.81 
2015-12-19 ,46 ,34 ,40.0 ,1.6 ,25 ,0 ,0.02 
2015-12-20 ,44 ,37 ,40.5 ,2.1 ,24 ,0 ,0.64 
2015-12-21 ,42 ,34 ,38.0 ,-0.4 ,27 ,0 ,1.07 
2015-12-22 ,44 ,34 ,39.0 ,0.6 ,26 ,0 ,0.42 
2015-12-23 ,40 ,36 ,38.0 ,-0.4 ,27 ,0 ,0.90 
2015-12-24 ,42 ,34 ,38.0 ,-0.4 ,27 ,0 ,0.15 
2015-12-25 ,42 ,29 ,35.5 ,-2.9 ,29 ,0 ,0.01 
2015-12-26 ,38 ,27 ,32.5 ,-6.0 ,32 ,0 ,T 
2015-12-27 ,38 ,33 ,35.5 ,-3.0 ,29 ,0 ,0.45 
2015-12-28 ,42 ,33 ,37.5 ,-1.0 ,27 ,0 ,0.07 
2015-12-29 ,40 ,32 ,36.0 ,-2.6 ,29 ,0 ,0.00 
2015-12-30 ,41 ,22 ,31.5 ,-7.1 ,33 ,0 ,0.00 
2015-12-31 ,40 ,18 ,29.0 ,-9.7 ,36 ,0 ,0.00 
 2014-12-01 ,39 ,16 ,27.5 ,-12.7 ,37 ,0 ,0.00 
2014-12-02 ,42 ,19 ,30.5 ,-9.5 ,34 ,0 ,0.00 
2014-12-03 ,43 ,23 ,33.0 ,-6.9 ,32 ,0 ,0.00 
2014-12-04 ,44 ,35 ,39.5 ,-0.2 ,25 ,0 ,0.02 
2014-12-05 ,50 ,41 ,45.5 ,5.9 ,19 ,0 ,0.12 
2014-12-06 ,53 ,44 ,48.5 ,9.1 ,16 ,0 ,0.17 
2014-12-07 ,48 ,37 ,42.5 ,3.2 ,22 ,0 ,T 
2014-12-08 ,56 ,34 ,45.0 ,5.8 ,20 ,0 ,0.13 
2014-12-09 ,59 ,47 ,53.0 ,13.9 ,12 ,0 ,0.54 
2014-12-10 ,64 ,47 ,55.5 ,16.5 ,9 ,0 ,0.85 
2014-12-11 ,58 ,40 ,49.0 ,10.1 ,16 ,0 ,0.46 
2014-12-12 ,53 ,36 ,44.5 ,5.7 ,20 ,0 ,0.31 
2014-12-13 ,45 ,32 ,38.5 ,-0.2 ,26 ,0 ,T 
2014-12-14 ,50 ,24 ,37.0 ,-1.6 ,28 ,0 ,0.00 
2014-12-15 ,48 ,24 ,36.0 ,-2.6 ,29 ,0 ,T 
2014-12-16 ,47 ,34 ,40.5 ,2.0 ,24 ,0 ,0.01 
2014-12-17 ,47 ,34 ,40.5 ,2.0 ,24 ,0 ,0.08 
2014-12-18 ,51 ,40 ,45.5 ,7.1 ,19 ,0 ,0.40 
2014-12-19 ,51 ,44 ,47.5 ,9.1 ,17 ,0 ,0.05 
2014-12-20 ,55 ,45 ,50.0 ,11.6 ,15 ,0 ,1.58 
2014-12-21 ,55 ,47 ,51.0 ,12.6 ,14 ,0 ,0.12 
2014-12-22 ,50 ,35 ,42.5 ,4.1 ,22 ,0 ,0.00 
2014-12-23 ,51 ,41 ,46.0 ,7.6 ,19 ,0 ,0.38 
2014-12-24 ,49 ,30 ,39.5 ,1.1 ,25 ,0 ,0.13 
2014-12-25 ,40 ,27 ,33.5 ,-4.9 ,31 ,0 ,0.00 
2014-12-26 ,43 ,37 ,40.0 ,1.5 ,25 ,0 ,T 
2014-12-27 ,48 ,41 ,44.5 ,6.0 ,20 ,0 ,0.34 
2014-12-28 ,47 ,33 ,40.0 ,1.5 ,25 ,0 ,0.09 
2014-12-29 ,43 ,33 ,38.0 ,-0.6 ,27 ,0 ,0.22 
2014-12-30 ,39 ,20 ,29.5 ,-9.1 ,35 ,0 ,0.00 
2014-12-31 ,38 ,19 ,28.5 ,-10.2 ,36 ,0 ,0.00 
 2013-12-02 ,43 ,32 ,37.5 ,-2.5 ,27 ,0 ,0.06 
2013-12-03 ,41 ,21 ,31.0 ,-8.9 ,34 ,0 ,0.00 
2013-12-04 ,38 ,17 ,27.5 ,-12.2 ,37 ,0 ,0.00 
2013-12-05 ,31 ,14 ,22.5 ,-17.1 ,42 ,0 ,0.00 
2013-12-06 ,32 ,25 ,28.5 ,-10.9 ,36 ,0 ,0.01 
2013-12-07 ,31 ,12 ,21.5 ,-17.8 ,43 ,0 ,0.00 
2013-12-08 ,30 ,11 ,20.5 ,-18.7 ,44 ,0 ,0.00 
2013-12-09 ,31 ,15 ,23.0 ,-16.1 ,42 ,0 ,T 
2013-12-10 ,35 ,28 ,31.5 ,-7.5 ,33 ,0 ,0.01 
2013-12-11 ,38 ,30 ,34.0 ,-4.9 ,31 ,0 ,0.00 
2013-12-12 ,41 ,28 ,34.5 ,-4.3 ,30 ,0 ,0.32 
2013-12-13 ,50 ,39 ,44.5 ,5.8 ,20 ,0 ,0.02 
2013-12-14 ,46 ,34 ,40.0 ,1.4 ,25 ,0 ,0.00 
2013-12-15 ,51 ,41 ,46.0 ,7.4 ,19 ,0 ,0.09 
2013-12-16 ,44 ,34 ,39.0 ,0.5 ,26 ,0 ,0.00 
2013-12-17 ,43 ,37 ,40.0 ,1.5 ,25 ,0 ,0.00 
2013-12-18 ,48 ,28 ,38.0 ,-0.4 ,27 ,0 ,0.03 
2013-12-19 ,38 ,22 ,30.0 ,-8.4 ,35 ,0 ,0.00 
2013-12-20 ,47 ,31 ,39.0 ,0.6 ,26 ,0 ,0.18 
2013-12-21 ,48 ,42 ,45.0 ,6.6 ,20 ,0 ,0.06 
2013-12-22 ,49 ,44 ,46.5 ,8.1 ,18 ,0 ,0.03 
2013-12-23 ,51 ,38 ,44.5 ,6.1 ,20 ,0 ,0.30 
2013-12-24 ,42 ,28 ,35.0 ,-3.4 ,30 ,0 ,0.00 
2013-12-25 ,40 ,31 ,35.5 ,-2.9 ,29 ,0 ,0.00 
2013-12-26 ,45 ,28 ,36.5 ,-2.0 ,28 ,0 ,0.00 
2013-12-27 ,44 ,28 ,36.0 ,-2.5 ,29 ,0 ,T 
2013-12-28 ,47 ,34 ,40.5 ,2.0 ,24 ,0 ,0.00 
2013-12-29 ,42 ,32 ,37.0 ,-1.6 ,28 ,0 ,0.00 
2013-12-30 ,44 ,36 ,40.0 ,1.4 ,25 ,0 ,0.00 
2013-12-31 ,45 ,40 ,42.5 ,3.8 ,22 ,0 ,0.03 
 2012-12-01 ,51 ,46 ,48.5 ,8.3 ,16 ,0 ,0.43 
2012-12-02 ,47 ,43 ,45.0 ,5.0 ,20 ,0 ,1.03 
2012-12-03 ,50 ,45 ,47.5 ,7.6 ,17 ,0 ,0.69 
2012-12-04 ,51 ,44 ,47.5 ,7.8 ,17 ,0 ,0.57 
2012-12-05 ,48 ,34 ,41.0 ,1.4 ,24 ,0 ,0.01 
2012-12-06 ,45 ,38 ,41.5 ,2.1 ,23 ,0 ,0.46 
2012-12-07 ,46 ,40 ,43.0 ,3.7 ,22 ,0 ,0.32 
2012-12-08 ,45 ,37 ,41.0 ,1.8 ,24 ,0 ,T 
2012-12-09 ,45 ,36 ,40.5 ,1.4 ,24 ,0 ,0.16 
2012-12-10 ,47 ,39 ,43.0 ,4.0 ,22 ,0 ,0.03 
2012-12-11 ,45 ,39 ,42.0 ,3.1 ,23 ,0 ,0.15 
2012-12-12 ,44 ,34 ,39.0 ,0.2 ,26 ,0 ,0.00 
2012-12-13 ,44 ,38 ,41.0 ,2.3 ,24 ,0 ,0.16 
2012-12-14 ,44 ,30 ,37.0 ,-1.6 ,28 ,0 ,0.05 
2012-12-15 ,40 ,30 ,35.0 ,-3.6 ,30 ,0 ,0.24 
2012-12-16 ,46 ,34 ,40.0 ,1.5 ,25 ,0 ,1.18 
2012-12-17 ,46 ,32 ,39.0 ,0.5 ,26 ,0 ,0.66 
2012-12-18 ,36 ,32 ,34.0 ,-4.4 ,31 ,0 ,0.26 
2012-12-19 ,42 ,35 ,38.5 ,0.1 ,26 ,0 ,1.18 
2012-12-20 ,46 ,27 ,36.5 ,-1.9 ,28 ,0 ,0.67 
2012-12-21 ,46 ,26 ,36.0 ,-2.4 ,29 ,0 ,0.07 
2012-12-22 ,46 ,36 ,41.0 ,2.6 ,24 ,0 ,0.16 
2012-12-23 ,42 ,35 ,38.5 ,0.1 ,26 ,0 ,0.26 
2012-12-24 ,44 ,33 ,38.5 ,0.1 ,26 ,0 ,0.04 
2012-12-25 ,37 ,32 ,34.5 ,-3.9 ,30 ,0 ,0.62 
2012-12-26 ,44 ,35 ,39.5 ,1.0 ,25 ,0 ,0.16 
2012-12-27 ,47 ,36 ,41.5 ,3.0 ,23 ,0 ,0.02 
2012-12-28 ,44 ,33 ,38.5 ,0.0 ,26 ,0 ,T 
2012-12-29 ,41 ,33 ,37.0 ,-1.6 ,28 ,0 ,0.04 
2012-12-30 ,43 ,28 ,35.5 ,-3.1 ,29 ,0 ,T 
2012-12-31 ,34 ,28 ,31.0 ,-7.7 ,34 ,0 ,0.12 
 2011-12-01 ,39 ,26 ,32.5 ,-7.7 ,32 ,0 ,0.00 
2011-12-02 ,46 ,28 ,37.0 ,-3.0 ,28 ,0 ,0.00 
2011-12-03 ,39 ,32 ,35.5 ,-4.4 ,29 ,0 ,0.00 
2011-12-04 ,46 ,26 ,36.0 ,-3.7 ,29 ,0 ,0.00 
2011-12-05 ,39 ,25 ,32.0 ,-7.6 ,33 ,0 ,0.00 
2011-12-06 ,37 ,34 ,35.5 ,-3.9 ,29 ,0 ,0.00 
2011-12-07 ,41 ,35 ,38.0 ,-1.3 ,27 ,0 ,0.00 
2011-12-08 ,41 ,30 ,35.5 ,-3.7 ,29 ,0 ,0.00 
2011-12-09 ,41 ,25 ,33.0 ,-6.1 ,32 ,0 ,0.00 
2011-12-10 ,35 ,26 ,30.5 ,-8.5 ,34 ,0 ,0.00 
2011-12-11 ,41 ,28 ,34.5 ,-4.4 ,30 ,0 ,0.02 
2011-12-12 ,41 ,20 ,30.5 ,-8.3 ,34 ,0 ,0.00 
2011-12-13 ,37 ,19 ,28.0 ,-10.7 ,37 ,0 ,0.00 
2011-12-14 ,38 ,23 ,30.5 ,-8.1 ,34 ,0 ,0.03 
2011-12-15 ,45 ,35 ,40.0 ,1.4 ,25 ,0 ,0.05 
2011-12-16 ,51 ,29 ,40.0 ,1.5 ,25 ,0 ,0.00 
2011-12-17 ,48 ,27 ,37.5 ,-1.0 ,27 ,0 ,0.00 
2011-12-18 ,46 ,33 ,39.5 ,1.1 ,25 ,0 ,0.03 
2011-12-19 ,44 ,31 ,37.5 ,-0.9 ,27 ,0 ,0.00 
2011-12-20 ,44 ,24 ,34.0 ,-4.4 ,31 ,0 ,0.00 
2011-12-21 ,38 ,24 ,31.0 ,-7.4 ,34 ,0 ,0.00 
2011-12-22 ,35 ,25 ,30.0 ,-8.4 ,35 ,0 ,0.00 
2011-12-23 ,46 ,31 ,38.5 ,0.1 ,26 ,0 ,T 
2011-12-24 ,57 ,34 ,45.5 ,7.1 ,19 ,0 ,0.01 
2011-12-25 ,48 ,35 ,41.5 ,3.1 ,23 ,0 ,0.19 
2011-12-26 ,42 ,35 ,38.5 ,0.0 ,26 ,0 ,0.24 
2011-12-27 ,49 ,41 ,45.0 ,6.5 ,20 ,0 ,1.54 
2011-12-28 ,54 ,48 ,51.0 ,12.5 ,14 ,0 ,1.20 
2011-12-29 ,50 ,44 ,47.0 ,8.4 ,18 ,0 ,0.96 
2011-12-30 ,50 ,34 ,42.0 ,3.4 ,23 ,0 ,0.42 
2011-12-31 ,42 ,28 ,35.0 ,-3.7 ,30 ,0 ,T 
 2010-12-01 ,44 ,36 ,40.0 ,-0.2 ,25 ,0 ,0.00 
2010-12-02 ,43 ,36 ,39.5 ,-0.5 ,25 ,0 ,0.09 
2010-12-03 ,46 ,31 ,38.5 ,-1.4 ,26 ,0 ,0.00 
2010-12-04 ,46 ,32 ,39.0 ,-0.7 ,26 ,0 ,0.00 
2010-12-05 ,47 ,28 ,37.5 ,-2.1 ,27 ,0 ,0.00 
2010-12-06 ,48 ,28 ,38.0 ,-1.4 ,27 ,0 ,T 
2010-12-07 ,47 ,42 ,44.5 ,5.2 ,20 ,0 ,0.46 
2010-12-08 ,54 ,45 ,49.5 ,10.3 ,15 ,0 ,0.71 
2010-12-09 ,49 ,43 ,46.0 ,6.9 ,19 ,0 ,0.93 
2010-12-10 ,49 ,37 ,43.0 ,4.0 ,22 ,0 ,0.08 
2010-12-11 ,55 ,36 ,45.5 ,6.6 ,19 ,0 ,1.57 
2010-12-12 ,56 ,52 ,54.0 ,15.2 ,11 ,0 ,1.80 
2010-12-13 ,53 ,45 ,49.0 ,10.3 ,16 ,0 ,0.48 
2010-12-14 ,49 ,37 ,43.0 ,4.4 ,22 ,0 ,0.53 
2010-12-15 ,45 ,36 ,40.5 ,1.9 ,24 ,0 ,0.42 
2010-12-16 ,45 ,32 ,38.5 ,0.0 ,26 ,0 ,0.02 
2010-12-17 ,42 ,29 ,35.5 ,-3.0 ,29 ,0 ,0.00 
2010-12-18 ,46 ,31 ,38.5 ,0.1 ,26 ,0 ,0.22 
2010-12-19 ,45 ,28 ,36.5 ,-1.9 ,28 ,0 ,0.15 
2010-12-20 ,45 ,32 ,38.5 ,0.1 ,26 ,0 ,0.01 
2010-12-21 ,46 ,31 ,38.5 ,0.1 ,26 ,0 ,0.01 
2010-12-22 ,49 ,34 ,41.5 ,3.1 ,23 ,0 ,T 
2010-12-23 ,50 ,34 ,42.0 ,3.6 ,23 ,0 ,0.18 
2010-12-24 ,47 ,40 ,43.5 ,5.1 ,21 ,0 ,0.15 
2010-12-25 ,49 ,42 ,45.5 ,7.1 ,19 ,0 ,0.21 
2010-12-26 ,45 ,37 ,41.0 ,2.5 ,24 ,0 ,0.57 
2010-12-27 ,47 ,35 ,41.0 ,2.5 ,24 ,0 ,0.71 
2010-12-28 ,47 ,37 ,42.0 ,3.5 ,23 ,0 ,0.05 
2010-12-29 ,44 ,23 ,33.5 ,-5.1 ,31 ,0 ,T 
2010-12-30 ,39 ,17 ,28.0 ,-10.6 ,37 ,0 ,0.00 
2010-12-31 ,35 ,15 ,25.0 ,-13.7 ,40 ,0 ,0.00 
 2009-12-01 ,48 ,27 ,37.5 ,-2.7 ,27 ,0 ,0.00 
2009-12-02 ,46 ,23 ,34.5 ,-5.5 ,30 ,0 ,0.00 
2009-12-03 ,37 ,21 ,29.0 ,-10.9 ,36 ,0 ,0.00 
2009-12-04 ,41 ,21 ,31.0 ,-8.7 ,34 ,0 ,0.00 
2009-12-05 ,44 ,21 ,32.5 ,-7.1 ,32 ,0 ,T 
2009-12-06 ,38 ,29 ,33.5 ,-5.9 ,31 ,0 ,0.00 
2009-12-07 ,32 ,10 ,21.0 ,-18.3 ,44 ,0 ,0.00 
2009-12-08 ,31 ,6 ,18.5 ,-20.7 ,46 ,0 ,0.00 
2009-12-09 ,32 ,6 ,19.0 ,-20.1 ,46 ,0 ,0.00 
2009-12-10 ,33 ,6 ,19.5 ,-19.5 ,45 ,0 ,0.00 
2009-12-11 ,35 ,10 ,22.5 ,-16.4 ,42 ,0 ,0.00 
2009-12-12 ,37 ,14 ,25.5 ,-13.3 ,39 ,0 ,0.00 
2009-12-13 ,34 ,18 ,26.0 ,-12.7 ,39 ,0 ,0.10 
2009-12-14 ,43 ,32 ,37.5 ,-1.1 ,27 ,0 ,0.70 
2009-12-15 ,49 ,40 ,44.5 ,5.9 ,20 ,0 ,0.40 
2009-12-16 ,51 ,43 ,47.0 ,8.5 ,18 ,0 ,0.73 
2009-12-17 ,48 ,36 ,42.0 ,3.5 ,23 ,0 ,0.02 
2009-12-18 ,52 ,33 ,42.5 ,4.1 ,22 ,0 ,0.07 
2009-12-19 ,48 ,44 ,46.0 ,7.6 ,19 ,0 ,0.59 
2009-12-20 ,56 ,44 ,50.0 ,11.6 ,15 ,0 ,0.12 
2009-12-21 ,52 ,35 ,43.5 ,5.1 ,21 ,0 ,0.77 
2009-12-22 ,42 ,27 ,34.5 ,-3.9 ,30 ,0 ,0.00 
2009-12-23 ,43 ,27 ,35.0 ,-3.4 ,30 ,0 ,0.00 
2009-12-24 ,41 ,27 ,34.0 ,-4.4 ,31 ,0 ,0.00 
2009-12-25 ,42 ,24 ,33.0 ,-5.4 ,32 ,0 ,0.00 
2009-12-26 ,43 ,20 ,31.5 ,-7.0 ,33 ,0 ,0.00 
2009-12-27 ,38 ,19 ,28.5 ,-10.0 ,36 ,0 ,T 
2009-12-28 ,46 ,24 ,35.0 ,-3.5 ,30 ,0 ,0.01 
2009-12-29 ,36 ,20 ,28.0 ,-10.6 ,37 ,0 ,0.12 
2009-12-30 ,44 ,36 ,40.0 ,1.4 ,25 ,0 ,0.12 
2009-12-31 ,50 ,32 ,41.0 ,2.3 ,24 ,0 ,0.83 
 2008-12-01 ,54 ,46 ,50.0 ,9.8 ,15 ,0 ,0.28 
2008-12-02 ,52 ,37 ,44.5 ,4.5 ,20 ,0 ,0.03 
2008-12-03 ,49 ,38 ,43.5 ,3.6 ,21 ,0 ,0.00 
2008-12-04 ,48 ,28 ,38.0 ,-1.7 ,27 ,0 ,0.00 
2008-12-05 ,49 ,30 ,39.5 ,-0.1 ,25 ,0 ,0.00 
2008-12-06 ,52 ,32 ,42.0 ,2.6 ,23 ,0 ,0.01 
2008-12-07 ,51 ,32 ,41.5 ,2.2 ,23 ,0 ,0.40 
2008-12-08 ,48 ,28 ,38.0 ,-1.2 ,27 ,0 ,0.00 
2008-12-09 ,45 ,39 ,42.0 ,2.9 ,23 ,0 ,0.04 
2008-12-10 ,48 ,44 ,46.0 ,7.0 ,19 ,0 ,0.03 
2008-12-11 ,46 ,40 ,43.0 ,4.1 ,22 ,0 ,0.00 
2008-12-12 ,44 ,37 ,40.5 ,1.7 ,24 ,0 ,0.36 
2008-12-13 ,41 ,32 ,36.5 ,-2.2 ,28 ,0 ,0.06 
2008-12-14 ,34 ,24 ,29.0 ,-9.6 ,36 ,0 ,0.08 
2008-12-15 ,31 ,23 ,27.0 ,-11.6 ,38 ,0 ,0.00 
2008-12-16 ,32 ,12 ,22.0 ,-16.5 ,43 ,0 ,T 
2008-12-17 ,35 ,26 ,30.5 ,-8.0 ,34 ,0 ,0.33 
2008-12-18 ,33 ,19 ,26.0 ,-12.4 ,39 ,0 ,0.09 
2008-12-19 ,30 ,11 ,20.5 ,-17.9 ,44 ,0 ,T 
2008-12-20 ,27 ,7 ,17.0 ,-21.4 ,48 ,0 ,0.70 
2008-12-21 ,31 ,26 ,28.5 ,-9.9 ,36 ,0 ,0.33 
2008-12-22 ,34 ,27 ,30.5 ,-7.9 ,34 ,0 ,0.02 
2008-12-23 ,33 ,24 ,28.5 ,-9.9 ,36 ,0 ,0.00 
2008-12-24 ,35 ,27 ,31.0 ,-7.4 ,34 ,0 ,0.39 
2008-12-25 ,35 ,26 ,30.5 ,-7.9 ,34 ,0 ,0.04 
2008-12-26 ,38 ,26 ,32.0 ,-6.5 ,33 ,0 ,0.23 
2008-12-27 ,42 ,37 ,39.5 ,1.0 ,25 ,0 ,0.72 
2008-12-28 ,41 ,33 ,37.0 ,-1.5 ,28 ,0 ,0.21 
2008-12-29 ,41 ,34 ,37.5 ,-1.1 ,27 ,0 ,0.35 
2008-12-30 ,39 ,29 ,34.0 ,-4.6 ,31 ,0 ,0.15 
2008-12-31 ,42 ,36 ,39.0 ,0.3 ,26 ,0 ,0.20 
 2007-12-01 ,37 ,32 ,34.5 ,-5.7 ,30 ,0 ,0.60 
2007-12-02 ,49 ,33 ,41.0 ,1.0 ,24 ,0 ,2.12 
2007-12-03 ,58 ,49 ,53.5 ,13.6 ,11 ,0 ,3.19 
2007-12-04 ,56 ,46 ,51.0 ,11.3 ,14 ,0 ,0.16 
2007-12-05 ,48 ,35 ,41.5 ,1.9 ,23 ,0 ,T 
2007-12-06 ,44 ,41 ,42.5 ,3.1 ,22 ,0 ,0.06 
2007-12-07 ,43 ,37 ,40.0 ,0.7 ,25 ,0 ,T 
2007-12-08 ,43 ,21 ,32.0 ,-7.2 ,33 ,0 ,0.00 
2007-12-09 ,34 ,22 ,28.0 ,-11.1 ,37 ,0 ,0.07 
2007-12-10 ,42 ,32 ,37.0 ,-2.0 ,28 ,0 ,T 
2007-12-11 ,38 ,28 ,33.0 ,-5.9 ,32 ,0 ,T 
2007-12-12 ,46 ,26 ,36.0 ,-2.8 ,29 ,0 ,0.00 
2007-12-13 ,42 ,35 ,38.5 ,-0.2 ,26 ,0 ,0.01 
2007-12-14 ,44 ,37 ,40.5 ,1.9 ,24 ,0 ,0.12 
2007-12-15 ,44 ,39 ,41.5 ,2.9 ,23 ,0 ,0.42 
2007-12-16 ,50 ,36 ,43.0 ,4.5 ,22 ,0 ,0.01 
2007-12-17 ,44 ,35 ,39.5 ,1.0 ,25 ,0 ,0.06 
2007-12-18 ,48 ,36 ,42.0 ,3.6 ,23 ,0 ,0.63 
2007-12-19 ,45 ,40 ,42.5 ,4.1 ,22 ,0 ,1.14 
2007-12-20 ,44 ,32 ,38.0 ,-0.4 ,27 ,0 ,0.00 
2007-12-21 ,41 ,30 ,35.5 ,-2.9 ,29 ,0 ,T 
2007-12-22 ,43 ,33 ,38.0 ,-0.4 ,27 ,0 ,0.40 
2007-12-23 ,49 ,37 ,43.0 ,4.6 ,22 ,0 ,0.86 
2007-12-24 ,46 ,33 ,39.5 ,1.1 ,25 ,0 ,0.06 
2007-12-25 ,36 ,30 ,33.0 ,-5.4 ,32 ,0 ,0.37 
2007-12-26 ,42 ,31 ,36.5 ,-2.0 ,28 ,0 ,T 
2007-12-27 ,38 ,33 ,35.5 ,-3.0 ,29 ,0 ,0.43 
2007-12-28 ,41 ,35 ,38.0 ,-0.5 ,27 ,0 ,0.49 
2007-12-29 ,42 ,32 ,37.0 ,-1.6 ,28 ,0 ,0.23 
2007-12-30 ,40 ,34 ,37.0 ,-1.6 ,28 ,0 ,0.28 
2007-12-31 ,42 ,30 ,36.0 ,-2.7 ,29 ,0 ,0.0 
 2006-12-01 ,38 ,26 ,32.0 ,-8.2 ,33 ,0 ,0.00 
2006-12-02 ,41 ,25 ,33.0 ,-7.0 ,32 ,0 ,0.00 
2006-12-03 ,45 ,26 ,35.5 ,-4.4 ,29 ,0 ,0.00 
2006-12-04 ,47 ,35 ,41.0 ,1.3 ,24 ,0 ,0.05 
2006-12-05 ,45 ,34 ,39.5 ,-0.1 ,25 ,0 ,0.03 
2006-12-06 ,47 ,36 ,41.5 ,2.1 ,23 ,0 ,0.00 
2006-12-07 ,47 ,34 ,40.5 ,1.2 ,24 ,0 ,0.00 
2006-12-08 ,44 ,30 ,37.0 ,-2.2 ,28 ,0 ,T 
2006-12-09 ,49 ,31 ,40.0 ,0.9 ,25 ,0 ,0.16 
2006-12-10 ,48 ,34 ,41.0 ,2.0 ,24 ,0 ,0.36 
2006-12-11 ,53 ,46 ,49.5 ,10.6 ,15 ,0 ,0.81 
2006-12-12 ,50 ,41 ,45.5 ,6.7 ,19 ,0 ,0.64 
2006-12-13 ,53 ,42 ,47.5 ,8.8 ,17 ,0 ,0.84 
2006-12-14 ,55 ,41 ,48.0 ,9.4 ,17 ,0 ,1.63 
2006-12-15 ,45 ,33 ,39.0 ,0.4 ,26 ,0 ,0.02 
2006-12-16 ,39 ,25 ,32.0 ,-6.5 ,33 ,0 ,0.00 
2006-12-17 ,42 ,23 ,32.5 ,-6.0 ,32 ,0 ,0.00 
2006-12-18 ,42 ,23 ,32.5 ,-5.9 ,32 ,0 ,0.00 
2006-12-19 ,47 ,33 ,40.0 ,1.6 ,25 ,0 ,0.00 
2006-12-20 ,47 ,33 ,40.0 ,1.6 ,25 ,0 ,0.37 
2006-12-21 ,49 ,37 ,43.0 ,4.6 ,22 ,0 ,0.40 
2006-12-22 ,42 ,34 ,38.0 ,-0.4 ,27 ,0 ,0.05 
2006-12-23 ,48 ,32 ,40.0 ,1.6 ,25 ,0 ,0.75 
2006-12-24 ,49 ,29 ,39.0 ,0.6 ,26 ,0 ,1.08 
2006-12-25 ,48 ,38 ,43.0 ,4.6 ,22 ,0 ,0.01 
2006-12-26 ,41 ,35 ,38.0 ,-0.5 ,27 ,0 ,1.66 
2006-12-27 ,46 ,26 ,36.0 ,-2.5 ,29 ,0 ,0.24 
2006-12-28 ,40 ,23 ,31.5 ,-7.0 ,33 ,0 ,0.00 
2006-12-29 ,42 ,25 ,33.5 ,-5.1 ,31 ,0 ,T 
2006-12-30 ,35 ,22 ,28.5 ,-10.1 ,36 ,0 ,0.00 
2006-12-31 ,43 ,29 ,36.0 ,-2.7 ,29 ,0 ,0.00 
 2005-12-01 ,38 ,30 ,34.0 ,-6.2 ,31 ,0 ,0.63 
2005-12-02 ,36 ,32 ,34.0 ,-6.0 ,31 ,0 ,0.13 
2005-12-03 ,40 ,28 ,34.0 ,-5.9 ,31 ,0 ,0.01 
2005-12-04 ,40 ,32 ,36.0 ,-3.7 ,29 ,0 ,T 
2005-12-05 ,43 ,34 ,38.5 ,-1.1 ,26 ,0 ,0.00 
2005-12-06 ,44 ,35 ,39.5 ,0.1 ,25 ,0 ,0.00 
2005-12-07 ,42 ,28 ,35.0 ,-4.3 ,30 ,0 ,0.00 
2005-12-08 ,44 ,22 ,33.0 ,-6.2 ,32 ,0 ,0.00 
2005-12-09 ,44 ,22 ,33.0 ,-6.1 ,32 ,0 ,0.00 
2005-12-10 ,39 ,32 ,35.5 ,-3.5 ,29 ,0 ,0.00 
2005-12-11 ,45 ,25 ,35.0 ,-3.9 ,30 ,0 ,0.00 
2005-12-12 ,40 ,27 ,33.5 ,-5.3 ,31 ,0 ,T 
2005-12-13 ,40 ,24 ,32.0 ,-6.7 ,33 ,0 ,0.00 
2005-12-14 ,41 ,28 ,34.5 ,-4.1 ,30 ,0 ,0.00 
2005-12-15 ,39 ,23 ,31.0 ,-7.6 ,34 ,0 ,0.00 
2005-12-16 ,33 ,29 ,31.0 ,-7.5 ,34 ,0 ,0.00 
2005-12-17 ,37 ,18 ,27.5 ,-11.0 ,37 ,0 ,0.00 
2005-12-18 ,45 ,13 ,29.0 ,-9.4 ,36 ,0 ,0.01 
2005-12-19 ,42 ,35 ,38.5 ,0.1 ,26 ,0 ,0.38 
2005-12-20 ,50 ,40 ,45.0 ,6.6 ,20 ,0 ,0.33 
2005-12-21 ,54 ,42 ,48.0 ,9.6 ,17 ,0 ,0.61 
2005-12-22 ,54 ,48 ,51.0 ,12.6 ,14 ,0 ,0.62 
2005-12-23 ,54 ,43 ,48.5 ,10.1 ,16 ,0 ,1.59 
2005-12-24 ,60 ,52 ,56.0 ,17.6 ,9 ,0 ,0.21 
2005-12-25 ,54 ,47 ,50.5 ,12.1 ,14 ,0 ,1.05 
2005-12-26 ,51 ,42 ,46.5 ,8.0 ,18 ,0 ,0.51 
2005-12-27 ,53 ,41 ,47.0 ,8.5 ,18 ,0 ,0.26 
2005-12-28 ,53 ,38 ,45.5 ,7.0 ,19 ,0 ,0.81 
2005-12-29 ,48 ,38 ,43.0 ,4.4 ,22 ,0 ,0.52 
2005-12-30 ,49 ,42 ,45.5 ,6.9 ,19 ,0 ,0.77 
2005-12-31 ,50 ,45 ,47.5 ,8.8 ,17 ,0 ,0.44 
 2004-12-01 ,49 ,31 ,40.0 ,-0.2 ,25 ,0 ,0.05 
2004-12-02 ,45 ,31 ,38.0 ,-2.0 ,27 ,0 ,0.00 
2004-12-03 ,43 ,34 ,38.5 ,-1.4 ,26 ,0 ,0.00 
2004-12-04 ,43 ,39 ,41.0 ,1.3 ,24 ,0 ,0.32 
2004-12-05 ,41 ,36 ,38.5 ,-1.1 ,26 ,0 ,0.10 
2004-12-06 ,45 ,38 ,41.5 ,2.1 ,23 ,0 ,0.18 
2004-12-07 ,47 ,40 ,43.5 ,4.2 ,21 ,0 ,0.53 
2004-12-08 ,50 ,39 ,44.5 ,5.3 ,20 ,0 ,0.52 
2004-12-09 ,55 ,35 ,45.0 ,5.9 ,20 ,0 ,0.60 
2004-12-10 ,57 ,50 ,53.5 ,14.5 ,11 ,0 ,1.62 
2004-12-11 ,50 ,36 ,43.0 ,4.1 ,22 ,0 ,0.01 
2004-12-12 ,48 ,33 ,40.5 ,1.7 ,24 ,0 ,0.01 
2004-12-13 ,50 ,32 ,41.0 ,2.3 ,24 ,0 ,0.29 
2004-12-14 ,51 ,41 ,46.0 ,7.4 ,19 ,0 ,0.32 
2004-12-15 ,51 ,39 ,45.0 ,6.4 ,20 ,0 ,0.00 
2004-12-16 ,46 ,34 ,40.0 ,1.5 ,25 ,0 ,0.01 
2004-12-17 ,47 ,42 ,44.5 ,6.0 ,20 ,0 ,0.00 
2004-12-18 ,56 ,35 ,45.5 ,7.1 ,19 ,0 ,0.00 
2004-12-19 ,51 ,36 ,43.5 ,5.1 ,21 ,0 ,0.03 
2004-12-20 ,48 ,30 ,39.0 ,0.6 ,26 ,0 ,0.00 
2004-12-21 ,52 ,32 ,42.0 ,3.6 ,23 ,0 ,0.00 
2004-12-22 ,47 ,29 ,38.0 ,-0.4 ,27 ,0 ,0.00 
2004-12-23 ,42 ,30 ,36.0 ,-2.4 ,29 ,0 ,0.00 
2004-12-24 ,40 ,34 ,37.0 ,-1.4 ,28 ,0 ,0.00 
2004-12-25 ,47 ,39 ,43.0 ,4.6 ,22 ,0 ,0.28 
2004-12-26 ,46 ,31 ,38.5 ,0.0 ,26 ,0 ,0.03 
2004-12-27 ,50 ,29 ,39.5 ,1.0 ,25 ,0 ,0.00 
2004-12-28 ,39 ,32 ,35.5 ,-3.0 ,29 ,0 ,0.00 
2004-12-29 ,43 ,34 ,38.5 ,-0.1 ,26 ,0 ,0.09 
2004-12-30 ,46 ,30 ,38.0 ,-0.6 ,27 ,0 ,T 
2004-12-31 ,44 ,27 ,35.5 ,-3.2 ,29 ,0 ,0.31 
 2003-12-01 ,43 ,38 ,40.5 ,0.3 ,24 ,0 ,0.08 
2003-12-02 ,55 ,39 ,47.0 ,7.0 ,18 ,0 ,0.25 
2003-12-03 ,44 ,29 ,36.5 ,-3.4 ,28 ,0 ,0.00 
2003-12-04 ,47 ,29 ,38.0 ,-1.7 ,27 ,0 ,0.23 
2003-12-05 ,53 ,42 ,47.5 ,7.9 ,17 ,0 ,0.60 
2003-12-06 ,50 ,33 ,41.5 ,2.1 ,23 ,0 ,0.04 
2003-12-07 ,45 ,33 ,39.0 ,-0.3 ,26 ,0 ,0.18 
2003-12-08 ,48 ,32 ,40.0 ,0.8 ,25 ,0 ,0.00 
2003-12-09 ,43 ,31 ,37.0 ,-2.1 ,28 ,0 ,0.01 
2003-12-10 ,42 ,39 ,40.5 ,1.5 ,24 ,0 ,0.42 
2003-12-11 ,46 ,40 ,43.0 ,4.1 ,22 ,0 ,0.24 
2003-12-12 ,49 ,37 ,43.0 ,4.2 ,22 ,0 ,0.32 
2003-12-13 ,47 ,38 ,42.5 ,3.8 ,22 ,0 ,0.76 
2003-12-14 ,40 ,35 ,37.5 ,-1.1 ,27 ,0 ,0.46 
2003-12-15 ,45 ,34 ,39.5 ,0.9 ,25 ,0 ,0.00 
2003-12-16 ,51 ,37 ,44.0 ,5.5 ,21 ,0 ,0.09 
2003-12-17 ,47 ,29 ,38.0 ,-0.5 ,27 ,0 ,0.00 
2003-12-18 ,54 ,26 ,40.0 ,1.6 ,25 ,0 ,0.00 
2003-12-19 ,45 ,28 ,36.5 ,-1.9 ,28 ,0 ,0.11 
2003-12-20 ,48 ,40 ,44.0 ,5.6 ,21 ,0 ,0.04 
2003-12-21 ,50 ,38 ,44.0 ,5.6 ,21 ,0 ,0.03 
2003-12-22 ,44 ,34 ,39.0 ,0.6 ,26 ,0 ,0.00 
2003-12-23 ,42 ,32 ,37.0 ,-1.4 ,28 ,0 ,0.09 
2003-12-24 ,47 ,41 ,44.0 ,5.6 ,21 ,0 ,1.09 
2003-12-25 ,43 ,32 ,37.5 ,-0.9 ,27 ,0 ,0.09 
2003-12-26 ,39 ,31 ,35.0 ,-3.5 ,30 ,0 ,T 
2003-12-27 ,39 ,34 ,36.5 ,-2.0 ,28 ,0 ,0.43 
2003-12-28 ,40 ,31 ,35.5 ,-3.0 ,29 ,0 ,0.09 
2003-12-29 ,41 ,21 ,31.0 ,-7.6 ,34 ,0 ,0.00 
2003-12-30 ,34 ,21 ,27.5 ,-11.1 ,37 ,0 ,T 
2003-12-31 ,36 ,32 ,34.0 ,-4.7 ,31 ,0 ,0.34 
 2002-12-01 ,43 ,31 ,37.0 ,-3.2 ,28 ,0 ,0.00 
2002-12-02 ,47 ,36 ,41.5 ,1.5 ,23 ,0 ,0.00 
2002-12-03 ,46 ,40 ,43.0 ,3.1 ,22 ,0 ,0.00 
2002-12-04 ,46 ,40 ,43.0 ,3.3 ,22 ,0 ,0.19 
2002-12-05 ,49 ,33 ,41.0 ,1.4 ,24 ,0 ,0.07 
2002-12-06 ,47 ,30 ,38.5 ,-0.9 ,26 ,0 ,0.00 
2002-12-07 ,40 ,28 ,34.0 ,-5.3 ,31 ,0 ,0.00 
2002-12-08 ,42 ,30 ,36.0 ,-3.2 ,29 ,0 ,0.00 
2002-12-09 ,43 ,29 ,36.0 ,-3.1 ,29 ,0 ,0.05 
2002-12-10 ,47 ,39 ,43.0 ,4.0 ,22 ,0 ,0.78 
2002-12-11 ,52 ,41 ,46.5 ,7.6 ,18 ,0 ,1.01 
2002-12-12 ,58 ,43 ,50.5 ,11.7 ,14 ,0 ,0.35 
2002-12-13 ,52 ,42 ,47.0 ,8.3 ,18 ,0 ,0.17 
2002-12-14 ,57 ,45 ,51.0 ,12.4 ,14 ,0 ,1.12 
2002-12-15 ,50 ,45 ,47.5 ,8.9 ,17 ,0 ,0.38 
2002-12-16 ,48 ,40 ,44.0 ,5.5 ,21 ,0 ,0.57 
2002-12-17 ,42 ,34 ,38.0 ,-0.5 ,27 ,0 ,0.39 
2002-12-18 ,44 ,35 ,39.5 ,1.1 ,25 ,0 ,0.35 
2002-12-19 ,44 ,37 ,40.5 ,2.1 ,24 ,0 ,0.03 
2002-12-20 ,46 ,29 ,37.5 ,-0.9 ,27 ,0 ,0.01 
2002-12-21 ,45 ,36 ,40.5 ,2.1 ,24 ,0 ,T 
2002-12-22 ,45 ,36 ,40.5 ,2.1 ,24 ,0 ,0.05 
2002-12-23 ,42 ,29 ,35.5 ,-2.9 ,29 ,0 ,T 
2002-12-24 ,45 ,31 ,38.0 ,-0.4 ,27 ,0 ,0.17 
2002-12-25 ,51 ,39 ,45.0 ,6.6 ,20 ,0 ,0.43 
2002-12-26 ,44 ,32 ,38.0 ,-0.5 ,27 ,0 ,0.16 
2002-12-27 ,51 ,35 ,43.0 ,4.5 ,22 ,0 ,0.39 
2002-12-28 ,42 ,34 ,38.0 ,-0.5 ,27 ,0 ,0.16 
2002-12-29 ,45 ,30 ,37.5 ,-1.1 ,27 ,0 ,0.25 
2002-12-30 ,46 ,40 ,43.0 ,4.4 ,22 ,0 ,0.22 
2002-12-31 ,49 ,34 ,41.5 ,2.8 ,23 ,0 ,0.09 
 2001-12-01 ,46 ,40 ,43.0 ,2.8 ,22 ,0 ,1.54 
2001-12-02 ,43 ,33 ,38.0 ,-2.0 ,27 ,0 ,0.51 
2001-12-03 ,46 ,30 ,38.0 ,-1.9 ,27 ,0 ,0.52 
2001-12-04 ,40 ,32 ,36.0 ,-3.7 ,29 ,0 ,0.29 
2001-12-05 ,42 ,32 ,37.0 ,-2.6 ,28 ,0 ,0.35 
2001-12-06 ,48 ,39 ,43.5 ,4.1 ,21 ,0 ,0.46 
2001-12-07 ,48 ,30 ,39.0 ,-0.3 ,26 ,0 ,0.00 
2001-12-08 ,48 ,38 ,43.0 ,3.8 ,22 ,0 ,0.11 
2001-12-09 ,46 ,29 ,37.5 ,-1.6 ,27 ,0 ,0.04 
2001-12-10 ,48 ,34 ,41.0 ,2.0 ,24 ,0 ,0.10 
2001-12-11 ,43 ,35 ,39.0 ,0.1 ,26 ,0 ,0.58 
2001-12-12 ,49 ,38 ,43.5 ,4.7 ,21 ,0 ,0.41 
2001-12-13 ,51 ,43 ,47.0 ,8.3 ,18 ,0 ,2.12 
2001-12-14 ,46 ,37 ,41.5 ,2.9 ,23 ,0 ,T 
2001-12-15 ,47 ,37 ,42.0 ,3.4 ,23 ,0 ,0.83 
2001-12-16 ,51 ,42 ,46.5 ,8.0 ,18 ,0 ,2.90 
2001-12-17 ,44 ,31 ,37.5 ,-1.0 ,27 ,0 ,0.01 
2001-12-18 ,44 ,32 ,38.0 ,-0.4 ,27 ,0 ,0.46 
2001-12-19 ,40 ,28 ,34.0 ,-4.4 ,31 ,0 ,0.07 
2001-12-20 ,40 ,37 ,38.5 ,0.1 ,26 ,0 ,0.11 
2001-12-21 ,44 ,34 ,39.0 ,0.6 ,26 ,0 ,0.00 
2001-12-22 ,45 ,26 ,35.5 ,-2.9 ,29 ,0 ,T 
2001-12-23 ,47 ,23 ,35.0 ,-3.4 ,30 ,0 ,0.00 
2001-12-24 ,46 ,24 ,35.0 ,-3.4 ,30 ,0 ,0.00 
2001-12-25 ,42 ,20 ,31.0 ,-7.4 ,34 ,0 ,0.00 
2001-12-26 ,34 ,21 ,27.5 ,-11.0 ,37 ,0 ,0.00 
2001-12-27 ,43 ,31 ,37.0 ,-1.5 ,28 ,0 ,0.22 
2001-12-28 ,51 ,33 ,42.0 ,3.5 ,23 ,0 ,0.02 
2001-12-29 ,42 ,29 ,35.5 ,-3.1 ,29 ,0 ,0.00 
2001-12-30 ,38 ,29 ,33.5 ,-5.1 ,31 ,0 ,0.05 
2001-12-31 ,47 ,34 ,40.5 ,1.8 ,24 ,0 ,0.16 
 2000-12-01 ,48 ,30 ,39.0 ,-1.2 ,26 ,0 ,0.10 
2000-12-02 ,51 ,32 ,41.5 ,1.5 ,23 ,0 ,0.17 
2000-12-03 ,46 ,32 ,39.0 ,-0.9 ,26 ,0 ,0.00 
2000-12-04 ,50 ,31 ,40.5 ,0.8 ,24 ,0 ,0.00 
2000-12-05 ,49 ,28 ,38.5 ,-1.1 ,26 ,0 ,0.00 
2000-12-06 ,43 ,27 ,35.0 ,-4.4 ,30 ,0 ,0.00 
2000-12-07 ,39 ,28 ,33.5 ,-5.8 ,31 ,0 ,0.00 
2000-12-08 ,39 ,32 ,35.5 ,-3.7 ,29 ,0 ,0.07 
2000-12-09 ,47 ,33 ,40.0 ,0.9 ,25 ,0 ,0.01 
2000-12-10 ,42 ,25 ,33.5 ,-5.5 ,31 ,0 ,0.00 
2000-12-11 ,37 ,23 ,30.0 ,-8.9 ,35 ,0 ,0.00 
2000-12-12 ,38 ,24 ,31.0 ,-7.8 ,34 ,0 ,0.00 
2000-12-13 ,35 ,28 ,31.5 ,-7.2 ,33 ,0 ,0.02 
2000-12-14 ,46 ,32 ,39.0 ,0.4 ,26 ,0 ,0.48 
2000-12-15 ,42 ,33 ,37.5 ,-1.1 ,27 ,0 ,0.16 
2000-12-16 ,50 ,37 ,43.5 ,5.0 ,21 ,0 ,0.95 
2000-12-17 ,49 ,25 ,37.0 ,-1.5 ,28 ,0 ,0.01 
2000-12-18 ,41 ,25 ,33.0 ,-5.4 ,32 ,0 ,0.00 
2000-12-19 ,42 ,35 ,38.5 ,0.1 ,26 ,0 ,0.06 
2000-12-20 ,39 ,35 ,37.0 ,-1.4 ,28 ,0 ,0.13 
2000-12-21 ,46 ,28 ,37.0 ,-1.4 ,28 ,0 ,0.17 
2000-12-22 ,47 ,42 ,44.5 ,6.1 ,20 ,0 ,0.35 
2000-12-23 ,47 ,42 ,44.5 ,6.1 ,20 ,0 ,0.40 
2000-12-24 ,46 ,35 ,40.5 ,2.1 ,24 ,0 ,0.06 
2000-12-25 ,50 ,39 ,44.5 ,6.1 ,20 ,0 ,0.04 
2000-12-26 ,48 ,41 ,44.5 ,6.0 ,20 ,0 ,0.07 
2000-12-27 ,47 ,32 ,39.5 ,1.0 ,25 ,0 ,0.01 
2000-12-28 ,48 ,32 ,40.0 ,1.5 ,25 ,0 ,0.00 
2000-12-29 ,46 ,32 ,39.0 ,0.4 ,26 ,0 ,0.42 
2000-12-30 ,51 ,41 ,46.0 ,7.4 ,19 ,0 ,0.00 
2000-12-31 ,49 ,37 ,43.0 ,4.3 ,22 ,0 ,0.20 
 1999-12-01 ,48 ,43 ,45.5 ,5.3 ,19 ,0 ,0.53 
1999-12-02 ,49 ,36 ,42.5 ,2.5 ,22 ,0 ,0.78 
1999-12-03 ,46 ,30 ,38.0 ,-1.9 ,27 ,0 ,0.00 
1999-12-04 ,48 ,28 ,38.0 ,-1.7 ,27 ,0 ,0.16 
1999-12-05 ,47 ,41 ,44.0 ,4.4 ,21 ,0 ,0.33 
1999-12-06 ,47 ,37 ,42.0 ,2.6 ,23 ,0 ,0.44 
1999-12-07 ,42 ,30 ,36.0 ,-3.3 ,29 ,0 ,0.02 
1999-12-08 ,44 ,38 ,41.0 ,1.8 ,24 ,0 ,0.32 
1999-12-09 ,46 ,39 ,42.5 ,3.4 ,22 ,0 ,0.24 
1999-12-10 ,44 ,39 ,41.5 ,2.5 ,23 ,0 ,0.13 
1999-12-11 ,50 ,44 ,47.0 ,8.1 ,18 ,0 ,0.31 
1999-12-12 ,49 ,34 ,41.5 ,2.7 ,23 ,0 ,1.32 
1999-12-13 ,42 ,33 ,37.5 ,-1.2 ,27 ,0 ,0.59 
1999-12-14 ,46 ,39 ,42.5 ,3.9 ,22 ,0 ,1.33 
1999-12-15 ,51 ,46 ,48.5 ,9.9 ,16 ,0 ,2.53 
1999-12-16 ,54 ,34 ,44.0 ,5.5 ,21 ,0 ,0.03 
1999-12-17 ,53 ,34 ,43.5 ,5.0 ,21 ,0 ,0.80 
1999-12-18 ,49 ,40 ,44.5 ,6.1 ,20 ,0 ,0.02 
1999-12-19 ,47 ,41 ,44.0 ,5.6 ,21 ,0 ,0.00 
1999-12-20 ,49 ,43 ,46.0 ,7.6 ,19 ,0 ,0.00 
1999-12-21 ,46 ,39 ,42.5 ,4.1 ,22 ,0 ,0.00 
1999-12-22 ,41 ,38 ,39.5 ,1.1 ,25 ,0 ,0.00 
1999-12-23 ,39 ,35 ,37.0 ,-1.4 ,28 ,0 ,0.00 
1999-12-24 ,40 ,33 ,36.5 ,-1.9 ,28 ,0 ,0.00 
1999-12-25 ,41 ,36 ,38.5 ,0.1 ,26 ,0 ,0.00 
1999-12-26 ,40 ,32 ,36.0 ,-2.5 ,29 ,0 ,0.00 
1999-12-27 ,38 ,30 ,34.0 ,-4.5 ,31 ,0 ,0.00 
1999-12-28 ,48 ,25 ,36.5 ,-2.0 ,28 ,0 ,0.00 
1999-12-29 ,39 ,25 ,32.0 ,-6.6 ,33 ,0 ,0.01 
1999-12-30 ,45 ,35 ,40.0 ,1.4 ,25 ,0 ,0.01 
1999-12-31 ,42 ,38 ,40.0 ,1.3 ,25 ,0 ,0.07 
 1998-12-01 ,48 ,37 ,42.5 ,2.3 ,22 ,0 ,1.76 
1998-12-02 ,46 ,35 ,40.5 ,0.5 ,24 ,0 ,0.33 
1998-12-03 ,44 ,33 ,38.5 ,-1.4 ,26 ,0 ,0.03 
1998-12-04 ,43 ,34 ,38.5 ,-1.2 ,26 ,0 ,0.06 
1998-12-05 ,40 ,35 ,37.5 ,-2.1 ,27 ,0 ,0.09 
1998-12-06 ,45 ,37 ,41.0 ,1.6 ,24 ,0 ,0.05 
1998-12-07 ,43 ,35 ,39.0 ,-0.3 ,26 ,0 ,1.13 
1998-12-08 ,44 ,34 ,39.0 ,-0.2 ,26 ,0 ,0.13 
1998-12-09 ,43 ,32 ,37.5 ,-1.6 ,27 ,0 ,0.01 
1998-12-10 ,45 ,35 ,40.0 ,1.0 ,25 ,0 ,0.13 
1998-12-11 ,51 ,40 ,45.5 ,6.6 ,19 ,0 ,1.15 
1998-12-12 ,56 ,49 ,52.5 ,13.7 ,12 ,0 ,0.84 
1998-12-13 ,56 ,31 ,43.5 ,4.8 ,21 ,0 ,0.53 
1998-12-14 ,46 ,35 ,40.5 ,1.9 ,24 ,0 ,0.00 
1998-12-15 ,46 ,40 ,43.0 ,4.4 ,22 ,0 ,0.14 
1998-12-16 ,46 ,37 ,41.5 ,3.0 ,23 ,0 ,0.00 
1998-12-17 ,47 ,31 ,39.0 ,0.5 ,26 ,0 ,0.02 
1998-12-18 ,42 ,22 ,32.0 ,-6.4 ,33 ,0 ,T 
1998-12-19 ,30 ,22 ,26.0 ,-12.4 ,39 ,0 ,0.02 
1998-12-20 ,26 ,9 ,17.5 ,-20.9 ,47 ,0 ,0.00 
1998-12-21 ,23 ,9 ,16.0 ,-22.4 ,49 ,0 ,0.06 
1998-12-22 ,25 ,-1 ,12.0 ,-26.4 ,53 ,0 ,T 
1998-12-23 ,26 ,3 ,14.5 ,-23.9 ,50 ,0 ,0.00 
1998-12-24 ,41 ,26 ,33.5 ,-4.9 ,31 ,0 ,0.48 
1998-12-25 ,49 ,40 ,44.5 ,6.1 ,20 ,0 ,1.22 
1998-12-26 ,46 ,41 ,43.5 ,5.0 ,21 ,0 ,0.31 
1998-12-27 ,53 ,41 ,47.0 ,8.5 ,18 ,0 ,2.58 
1998-12-28 ,53 ,48 ,50.5 ,12.0 ,14 ,0 ,0.23 
1998-12-29 ,52 ,46 ,49.0 ,10.4 ,16 ,0 ,1.58 
 1997-12-01 ,48 ,35 ,41.5 ,1.3 ,23 ,0 ,0.00 
1997-12-02 ,52 ,28 ,40.0 ,0.0 ,25 ,0 ,0.00 
1997-12-03 ,48 ,25 ,36.5 ,-3.4 ,28 ,0 ,0.00 
1997-12-04 ,42 ,26 ,34.0 ,-5.7 ,31 ,0 ,0.00 
1997-12-05 ,43 ,25 ,34.0 ,-5.6 ,31 ,0 ,0.00 
1997-12-06 ,43 ,26 ,34.5 ,-4.9 ,30 ,0 ,0.00 
1997-12-07 ,43 ,31 ,37.0 ,-2.3 ,28 ,0 ,0.08 
1997-12-08 ,49 ,34 ,41.5 ,2.3 ,23 ,0 ,0.04 
1997-12-09 ,43 ,33 ,38.0 ,-1.1 ,27 ,0 ,0.28 
1997-12-10 ,51 ,31 ,41.0 ,2.0 ,24 ,0 ,0.25 
1997-12-11 ,46 ,26 ,36.0 ,-2.9 ,29 ,0 ,0.00 
1997-12-12 ,47 ,27 ,37.0 ,-1.8 ,28 ,0 ,0.00 
1997-12-13 ,44 ,31 ,37.5 ,-1.2 ,27 ,0 ,0.00 
1997-12-14 ,52 ,33 ,42.5 ,3.9 ,22 ,0 ,T 
1997-12-15 ,47 ,34 ,40.5 ,1.9 ,24 ,0 ,0.50 
1997-12-16 ,52 ,45 ,48.5 ,10.0 ,16 ,0 ,2.57 
1997-12-17 ,47 ,36 ,41.5 ,3.0 ,23 ,0 ,0.39 
1997-12-18 ,42 ,34 ,38.0 ,-0.4 ,27 ,0 ,0.00 
1997-12-19 ,43 ,33 ,38.0 ,-0.4 ,27 ,0 ,0.07 
1997-12-20 ,45 ,32 ,38.5 ,0.1 ,26 ,0 ,0.52 
1997-12-21 ,44 ,25 ,34.5 ,-3.9 ,30 ,0 ,0.00 
1997-12-22 ,42 ,30 ,36.0 ,-2.4 ,29 ,0 ,0.13 
1997-12-23 ,41 ,31 ,36.0 ,-2.4 ,29 ,0 ,0.11 
1997-12-24 ,41 ,28 ,34.5 ,-3.9 ,30 ,0 ,0.00 
1997-12-25 ,40 ,25 ,32.5 ,-5.9 ,32 ,0 ,0.00 
1997-12-26 ,41 ,26 ,33.5 ,-5.0 ,31 ,0 ,0.23 
1997-12-27 ,45 ,37 ,41.0 ,2.5 ,24 ,0 ,0.04 
1997-12-28 ,50 ,43 ,46.5 ,8.0 ,18 ,0 ,0.23 
1997-12-29 ,53 ,40 ,46.5 ,7.9 ,18 ,0 ,0.00 
1997-12-30 ,51 ,32 ,41.5 ,2.9 ,23 ,0 ,0.01 
1997-12-31 ,46 ,34 ,40.0 ,1.3 ,25 ,0 ,0.05 
 1996-12-01 ,46 ,37 ,41.5 ,1.3 ,23 ,0 ,0.26 
1996-12-02 ,41 ,32 ,36.5 ,-3.5 ,28 ,0 ,0.56 
1996-12-03 ,40 ,27 ,33.5 ,-6.4 ,31 ,0 ,0.00 
1996-12-04 ,49 ,31 ,40.0 ,0.3 ,25 ,0 ,1.29 
1996-12-05 ,45 ,37 ,41.0 ,1.4 ,24 ,0 ,0.79 
1996-12-06 ,45 ,38 ,41.5 ,2.1 ,23 ,0 ,0.23 
1996-12-07 ,47 ,37 ,42.0 ,2.7 ,23 ,0 ,0.39 
1996-12-08 ,47 ,37 ,42.0 ,2.8 ,23 ,0 ,0.34 
1996-12-09 ,47 ,39 ,43.0 ,3.9 ,22 ,0 ,0.09 
1996-12-10 ,49 ,38 ,43.5 ,4.5 ,21 ,0 ,0.70 
1996-12-11 ,46 ,36 ,41.0 ,2.1 ,24 ,0 ,0.21 
1996-12-12 ,46 ,39 ,42.5 ,3.7 ,22 ,0 ,0.34 
1996-12-13 ,47 ,36 ,41.5 ,2.8 ,23 ,0 ,0.66 
1996-12-14 ,38 ,28 ,33.0 ,-5.6 ,32 ,0 ,0.00 
1996-12-15 ,42 ,31 ,36.5 ,-2.1 ,28 ,0 ,0.09 
1996-12-16 ,43 ,26 ,34.5 ,-4.0 ,30 ,0 ,T 
1996-12-17 ,44 ,22 ,33.0 ,-5.5 ,32 ,0 ,0.00 
1996-12-18 ,42 ,24 ,33.0 ,-5.4 ,32 ,0 ,0.00 
1996-12-19 ,40 ,24 ,32.0 ,-6.4 ,33 ,0 ,0.33 
1996-12-20 ,44 ,36 ,40.0 ,1.6 ,25 ,0 ,0.27 
1996-12-21 ,44 ,37 ,40.5 ,2.1 ,24 ,0 ,0.26 
1996-12-22 ,44 ,30 ,37.0 ,-1.4 ,28 ,0 ,0.20 
1996-12-23 ,41 ,35 ,38.0 ,-0.4 ,27 ,0 ,0.53 
1996-12-24 ,39 ,35 ,37.0 ,-1.4 ,28 ,0 ,1.41 
1996-12-25 ,39 ,33 ,36.0 ,-2.4 ,29 ,0 ,0.02 
1996-12-26 ,M ,M ,M ,M ,M ,M ,M 
1996-12-27 ,M ,M ,M ,M ,M ,M ,M 
1996-12-28 ,32 ,29 ,30.5 ,-8.0 ,34 ,0 ,0.30 
1996-12-29 ,49 ,30 ,39.5 ,0.9 ,25 ,0 ,0.01 
1996-12-30 ,52 ,30 ,41.0 ,2.4 ,24 ,0 ,0.49 
1996-12-31 ,58 ,45 ,51.5 ,12.8 ,13 ,0 ,1.63 
 1995-12-01 ,50 ,42 ,46.0 ,5.8 ,19 ,0 ,0.56 
1995-12-02 ,46 ,35 ,40.5 ,0.5 ,24 ,0 ,0.28 
1995-12-03 ,48 ,37 ,42.5 ,2.6 ,22 ,0 ,0.37 
1995-12-04 ,45 ,29 ,37.0 ,-2.7 ,28 ,0 ,T 
1995-12-05 ,43 ,23 ,33.0 ,-6.6 ,32 ,0 ,0.00 
1995-12-06 ,36 ,20 ,28.0 ,-11.4 ,37 ,0 ,0.00 
1995-12-07 ,39 ,26 ,32.5 ,-6.8 ,32 ,0 ,0.00 
1995-12-08 ,39 ,32 ,35.5 ,-3.7 ,29 ,0 ,0.00 
1995-12-09 ,46 ,32 ,39.0 ,-0.1 ,26 ,0 ,0.61 
1995-12-10 ,52 ,42 ,47.0 ,8.0 ,18 ,0 ,0.76 
1995-12-11 ,54 ,43 ,48.5 ,9.6 ,16 ,0 ,0.58 
1995-12-12 ,60 ,45 ,52.5 ,13.7 ,12 ,0 ,0.84 
1995-12-13 ,50 ,44 ,47.0 ,8.3 ,18 ,0 ,0.28 
1995-12-14 ,48 ,43 ,45.5 ,6.9 ,19 ,0 ,0.82 
1995-12-15 ,50 ,36 ,43.0 ,4.4 ,22 ,0 ,0.06 
1995-12-16 ,48 ,34 ,41.0 ,2.5 ,24 ,0 ,0.01 
1995-12-17 ,44 ,38 ,41.0 ,2.5 ,24 ,0 ,0.35 
1995-12-18 ,47 ,40 ,43.5 ,5.1 ,21 ,0 ,0.13 
1995-12-19 ,50 ,40 ,45.0 ,6.6 ,20 ,0 ,0.13 
1995-12-20 ,50 ,36 ,43.0 ,4.6 ,22 ,0 ,0.01 
1995-12-21 ,48 ,27 ,37.5 ,-0.9 ,27 ,0 ,0.00 
1995-12-22 ,48 ,23 ,35.5 ,-2.9 ,29 ,0 ,0.00 
1995-12-23 ,33 ,20 ,26.5 ,-11.9 ,38 ,0 ,0.00 
1995-12-24 ,34 ,23 ,28.5 ,-9.9 ,36 ,0 ,0.00 
1995-12-25 ,42 ,19 ,30.5 ,-7.9 ,34 ,0 ,0.00 
1995-12-26 ,41 ,21 ,31.0 ,-7.5 ,34 ,0 ,0.00 
1995-12-27 ,43 ,34 ,38.5 ,0.0 ,26 ,0 ,0.09 
1995-12-28 ,45 ,35 ,40.0 ,1.5 ,25 ,0 ,0.68 
1995-12-29 ,50 ,42 ,46.0 ,7.4 ,19 ,0 ,0.71 
1995-12-30 ,53 ,46 ,49.5 ,10.9 ,15 ,0 ,0.41 
1995-12-31 ,53 ,43 ,48.0 ,9.3 ,17 ,0 ,0.01 
 1994-12-01 ,45 ,38 ,41.5 ,1.3 ,23 ,0 ,0.45 
1994-12-02 ,40 ,28 ,34.0 ,-6.0 ,31 ,0 ,0.23 
1994-12-03 ,38 ,17 ,27.5 ,-12.4 ,37 ,0 ,0.23 
1994-12-04 ,34 ,6 ,20.0 ,-19.7 ,45 ,0 ,0.00 
1994-12-05 ,34 ,12 ,23.0 ,-16.6 ,42 ,0 ,0.09 
1994-12-06 ,36 ,25 ,30.5 ,-8.9 ,34 ,0 ,T 
1994-12-07 ,40 ,31 ,35.5 ,-3.8 ,29 ,0 ,0.03 
1994-12-08 ,39 ,32 ,35.5 ,-3.7 ,29 ,0 ,0.80 
1994-12-09 ,40 ,32 ,36.0 ,-3.1 ,29 ,0 ,0.02 
1994-12-10 ,45 ,33 ,39.0 ,0.0 ,26 ,0 ,0.04 
1994-12-11 ,44 ,35 ,39.5 ,0.6 ,25 ,0 ,0.24 
1994-12-12 ,47 ,28 ,37.5 ,-1.3 ,27 ,0 ,0.00 
1994-12-13 ,37 ,27 ,32.0 ,-6.7 ,33 ,0 ,0.00 
1994-12-14 ,41 ,28 ,34.5 ,-4.1 ,30 ,0 ,0.31 
1994-12-15 ,45 ,39 ,42.0 ,3.4 ,23 ,0 ,0.33 
1994-12-16 ,48 ,42 ,45.0 ,6.5 ,20 ,0 ,0.88 
1994-12-17 ,55 ,44 ,49.5 ,11.0 ,15 ,0 ,0.77 
1994-12-18 ,50 ,46 ,48.0 ,9.6 ,17 ,0 ,0.27 
1994-12-19 ,53 ,45 ,49.0 ,10.6 ,16 ,0 ,1.37 
1994-12-20 ,50 ,44 ,47.0 ,8.6 ,18 ,0 ,1.35 
1994-12-21 ,53 ,34 ,43.5 ,5.1 ,21 ,0 ,0.02 
1994-12-22 ,49 ,31 ,40.0 ,1.6 ,25 ,0 ,0.00 
1994-12-23 ,48 ,33 ,40.5 ,2.1 ,24 ,0 ,0.00 
1994-12-24 ,47 ,31 ,39.0 ,0.6 ,26 ,0 ,0.01 
1994-12-25 ,46 ,27 ,36.5 ,-1.9 ,28 ,0 ,0.46 
1994-12-26 ,52 ,46 ,49.0 ,10.5 ,16 ,0 ,2.45 
1994-12-27 ,56 ,44 ,50.0 ,11.5 ,15 ,0 ,1.11 
1994-12-28 ,46 ,29 ,37.5 ,-1.0 ,27 ,0 ,0.03 
1994-12-29 ,43 ,26 ,34.5 ,-4.1 ,30 ,0 ,0.00 
1994-12-30 ,47 ,21 ,34.0 ,-4.6 ,31 ,0 ,0.00 
1994-12-31 ,48 ,19 ,33.5 ,-5.2 ,31 ,0 ,0.00 
 1993-12-01 ,53 ,46 ,49.5 ,9.3 ,15 ,0 ,0.76 
1993-12-02 ,49 ,42 ,45.5 ,5.5 ,19 ,0 ,0.32 
1993-12-03 ,54 ,46 ,50.0 ,10.1 ,15 ,0 ,0.38 
1993-12-04 ,49 ,31 ,40.0 ,0.3 ,25 ,0 ,0.00 
1993-12-05 ,42 ,26 ,34.0 ,-5.6 ,31 ,0 ,0.00 
1993-12-06 ,40 ,22 ,31.0 ,-8.4 ,34 ,0 ,0.05 
1993-12-07 ,48 ,39 ,43.5 ,4.2 ,21 ,0 ,0.50 
1993-12-08 ,51 ,38 ,44.5 ,5.3 ,20 ,0 ,0.69 
1993-12-09 ,59 ,42 ,50.5 ,11.4 ,14 ,0 ,0.77 
1993-12-10 ,63 ,44 ,53.5 ,14.5 ,11 ,0 ,0.49 
1993-12-11 ,50 ,36 ,43.0 ,4.1 ,22 ,0 ,0.15 
1993-12-12 ,47 ,33 ,40.0 ,1.2 ,25 ,0 ,0.04 
1993-12-13 ,51 ,43 ,47.0 ,8.3 ,18 ,0 ,0.18 
1993-12-14 ,50 ,40 ,45.0 ,6.4 ,20 ,0 ,0.01 
1993-12-15 ,48 ,41 ,44.5 ,5.9 ,20 ,0 ,0.05 
1993-12-16 ,47 ,26 ,36.5 ,-2.0 ,28 ,0 ,0.00 
1993-12-17 ,41 ,26 ,33.5 ,-5.0 ,31 ,0 ,0.00 
1993-12-18 ,39 ,33 ,36.0 ,-2.4 ,29 ,0 ,0.00 
1993-12-19 ,45 ,27 ,36.0 ,-2.4 ,29 ,0 ,0.00 
1993-12-20 ,45 ,27 ,36.0 ,-2.4 ,29 ,0 ,0.00 
1993-12-21 ,42 ,27 ,34.5 ,-3.9 ,30 ,0 ,0.00 
1993-12-22 ,38 ,28 ,33.0 ,-5.4 ,32 ,0 ,0.00 
1993-12-23 ,40 ,31 ,35.5 ,-2.9 ,29 ,0 ,0.00 
1993-12-24 ,40 ,27 ,33.5 ,-4.9 ,31 ,0 ,0.00 
1993-12-25 ,42 ,22 ,32.0 ,-6.4 ,33 ,0 ,0.00 
1993-12-26 ,37 ,31 ,34.0 ,-4.5 ,31 ,0 ,0.00 
1993-12-27 ,39 ,26 ,32.5 ,-6.0 ,32 ,0 ,0.00 
1993-12-28 ,40 ,32 ,36.0 ,-2.5 ,29 ,0 ,0.08 
1993-12-29 ,40 ,35 ,37.5 ,-1.1 ,27 ,0 ,0.02 
1993-12-30 ,46 ,39 ,42.5 ,3.9 ,22 ,0 ,0.60 
1993-12-31 ,50 ,43 ,46.5 ,7.8 ,18 ,0 ,0.93 
 1992-12-01 ,44 ,29 ,36.5 ,-3.7 ,28 ,0 ,0.05 
1992-12-02 ,49 ,24 ,36.5 ,-3.5 ,28 ,0 ,0.00 
1992-12-03 ,44 ,20 ,32.0 ,-7.9 ,33 ,0 ,0.00 
1992-12-04 ,46 ,19 ,32.5 ,-7.2 ,32 ,0 ,0.00 
1992-12-05 ,41 ,18 ,29.5 ,-10.1 ,35 ,0 ,0.09 
1992-12-06 ,42 ,27 ,34.5 ,-4.9 ,30 ,0 ,T 
1992-12-07 ,42 ,30 ,36.0 ,-3.3 ,29 ,0 ,0.06 
1992-12-08 ,45 ,39 ,42.0 ,2.8 ,23 ,0 ,0.68 
1992-12-09 ,43 ,33 ,38.0 ,-1.1 ,27 ,0 ,0.07 
1992-12-10 ,40 ,33 ,36.5 ,-2.5 ,28 ,0 ,1.15 
1992-12-11 ,41 ,32 ,36.5 ,-2.4 ,28 ,0 ,0.22 
1992-12-12 ,46 ,33 ,39.5 ,0.7 ,25 ,0 ,0.01 
1992-12-13 ,45 ,35 ,40.0 ,1.3 ,25 ,0 ,0.02 
1992-12-14 ,49 ,35 ,42.0 ,3.4 ,23 ,0 ,0.11 
1992-12-15 ,43 ,24 ,33.5 ,-5.1 ,31 ,0 ,T 
1992-12-16 ,34 ,28 ,31.0 ,-7.5 ,34 ,0 ,0.40 
1992-12-17 ,39 ,33 ,36.0 ,-2.5 ,29 ,0 ,0.18 
1992-12-18 ,41 ,25 ,33.0 ,-5.4 ,32 ,0 ,0.02 
1992-12-19 ,42 ,33 ,37.5 ,-0.9 ,27 ,0 ,0.50 
1992-12-20 ,45 ,39 ,42.0 ,3.6 ,23 ,0 ,0.27 
1992-12-21 ,48 ,37 ,42.5 ,4.1 ,22 ,0 ,0.27 
1992-12-22 ,49 ,42 ,45.5 ,7.1 ,19 ,0 ,0.05 
1992-12-23 ,48 ,39 ,43.5 ,5.1 ,21 ,0 ,T 
1992-12-24 ,48 ,34 ,41.0 ,2.6 ,24 ,0 ,0.05 
1992-12-25 ,41 ,34 ,37.5 ,-0.9 ,27 ,0 ,0.07 
1992-12-26 ,45 ,29 ,37.0 ,-1.5 ,28 ,0 ,0.13 
1992-12-27 ,39 ,29 ,34.0 ,-4.5 ,31 ,0 ,0.34 
1992-12-28 ,45 ,35 ,40.0 ,1.5 ,25 ,0 ,0.20 
1992-12-29 ,45 ,32 ,38.5 ,-0.1 ,26 ,0 ,0.27 
1992-12-30 ,33 ,29 ,31.0 ,-7.6 ,34 ,0 ,0.01 
1992-12-31 ,33 ,27 ,30.0 ,-8.7 ,35 ,0 ,0.06 
 1991-12-01 ,52 ,40 ,46.0 ,5.8 ,19 ,0 ,0.19 
1991-12-02 ,51 ,34 ,42.5 ,2.5 ,22 ,0 ,T 
1991-12-03 ,51 ,43 ,47.0 ,7.1 ,18 ,0 ,T 
1991-12-04 ,50 ,45 ,47.5 ,7.8 ,17 ,0 ,0.22 
1991-12-05 ,52 ,44 ,48.0 ,8.4 ,17 ,0 ,1.45 
1991-12-06 ,48 ,40 ,44.0 ,4.6 ,21 ,0 ,0.21 
1991-12-07 ,48 ,37 ,42.5 ,3.2 ,22 ,0 ,0.11 
1991-12-08 ,51 ,45 ,48.0 ,8.8 ,17 ,0 ,0.05 
1991-12-09 ,49 ,29 ,39.0 ,-0.1 ,26 ,0 ,0.31 
1991-12-10 ,43 ,26 ,34.5 ,-4.5 ,30 ,0 ,0.06 
1991-12-11 ,47 ,39 ,43.0 ,4.1 ,22 ,0 ,0.25 
1991-12-12 ,49 ,36 ,42.5 ,3.7 ,22 ,0 ,0.26 
1991-12-13 ,39 ,25 ,32.0 ,-6.7 ,33 ,0 ,0.00 
1991-12-14 ,43 ,22 ,32.5 ,-6.1 ,32 ,0 ,0.00 
1991-12-15 ,33 ,22 ,27.5 ,-11.1 ,37 ,0 ,0.00 
1991-12-16 ,38 ,30 ,34.0 ,-4.5 ,31 ,0 ,0.00 
1991-12-17 ,42 ,27 ,34.5 ,-4.0 ,30 ,0 ,0.00 
1991-12-18 ,47 ,35 ,41.0 ,2.6 ,24 ,0 ,0.29 
1991-12-19 ,47 ,32 ,39.5 ,1.1 ,25 ,0 ,0.01 
1991-12-20 ,45 ,28 ,36.5 ,-1.9 ,28 ,0 ,0.21 
1991-12-21 ,46 ,40 ,43.0 ,4.6 ,22 ,0 ,0.12 
1991-12-22 ,47 ,43 ,45.0 ,6.6 ,20 ,0 ,0.01 
1991-12-23 ,46 ,38 ,42.0 ,3.6 ,23 ,0 ,T 
1991-12-24 ,46 ,40 ,43.0 ,4.6 ,22 ,0 ,0.03 
1991-12-25 ,48 ,39 ,43.5 ,5.1 ,21 ,0 ,0.03 
1991-12-26 ,47 ,40 ,43.5 ,5.0 ,21 ,0 ,0.09 
1991-12-27 ,49 ,40 ,44.5 ,6.0 ,20 ,0 ,0.19 
1991-12-28 ,45 ,36 ,40.5 ,2.0 ,24 ,0 ,0.03 
1991-12-29 ,46 ,38 ,42.0 ,3.4 ,23 ,0 ,0.05 
1991-12-30 ,49 ,37 ,43.0 ,4.4 ,22 ,0 ,0.11 
1991-12-31 ,48 ,32 ,40.0 ,1.3 ,25 ,0 ,0.00 
 1990-12-01 ,44 ,34 ,39.0 ,-1.2 ,26 ,0 ,0.73 
1990-12-02 ,44 ,36 ,40.0 ,0.0 ,25 ,0 ,0.09 
1990-12-03 ,50 ,42 ,46.0 ,6.1 ,19 ,0 ,0.27 
1990-12-04 ,49 ,35 ,42.0 ,2.3 ,23 ,0 ,1.16 
1990-12-05 ,47 ,35 ,41.0 ,1.4 ,24 ,0 ,0.04 
1990-12-06 ,44 ,30 ,37.0 ,-2.4 ,28 ,0 ,0.00 
1990-12-07 ,46 ,29 ,37.5 ,-1.8 ,27 ,0 ,T 
1990-12-08 ,48 ,43 ,45.5 ,6.3 ,19 ,0 ,0.23 
1990-12-09 ,51 ,43 ,47.0 ,7.9 ,18 ,0 ,0.34 
1990-12-10 ,49 ,35 ,42.0 ,3.0 ,23 ,0 ,0.32 
1990-12-11 ,44 ,32 ,38.0 ,-0.9 ,27 ,0 ,0.22 
1990-12-12 ,39 ,30 ,34.5 ,-4.3 ,30 ,0 ,0.02 
1990-12-13 ,41 ,32 ,36.5 ,-2.2 ,28 ,0 ,0.02 
1990-12-14 ,46 ,32 ,39.0 ,0.4 ,26 ,0 ,0.02 
1990-12-15 ,42 ,32 ,37.0 ,-1.6 ,28 ,0 ,0.04 
1990-12-16 ,40 ,29 ,34.5 ,-4.0 ,30 ,0 ,0.09 
1990-12-17 ,49 ,40 ,44.5 ,6.0 ,20 ,0 ,0.40 
1990-12-18 ,42 ,22 ,32.0 ,-6.4 ,33 ,0 ,0.10 
1990-12-19 ,24 ,19 ,21.5 ,-16.9 ,43 ,0 ,T 
1990-12-20 ,21 ,4 ,12.5 ,-25.9 ,52 ,0 ,0.00 
1990-12-21 ,22 ,0 ,11.0 ,-27.4 ,54 ,0 ,0.00 
1990-12-22 ,25 ,9 ,17.0 ,-21.4 ,48 ,0 ,T 
1990-12-23 ,29 ,4 ,16.5 ,-21.9 ,48 ,0 ,0.00 
1990-12-24 ,27 ,11 ,19.0 ,-19.4 ,46 ,0 ,0.01 
1990-12-25 ,34 ,24 ,29.0 ,-9.4 ,36 ,0 ,0.03 
1990-12-26 ,39 ,32 ,35.5 ,-3.0 ,29 ,0 ,0.06 
1990-12-27 ,42 ,33 ,37.5 ,-1.0 ,27 ,0 ,0.40 
1990-12-28 ,34 ,10 ,22.0 ,-16.5 ,43 ,0 ,0.03 
1990-12-29 ,24 ,4 ,14.0 ,-24.6 ,51 ,0 ,0.00 
1990-12-30 ,32 ,19 ,25.5 ,-13.1 ,39 ,0 ,0.02 
1990-12-31 ,38 ,32 ,35.0 ,-3.7 ,30 ,0 ,0.41 